{"cameraMode":{"drawMode":0,"name":"Shaded","section":"Shading Mode"},"sceneLighting":true,"audioPlay":false,"sceneViewState":{"m_AlwaysRefresh":false,"showFog":true,"showSkybox":true,"showFlares":true,"showImageEffects":true,"showParticleSystems":true,"showVisualEffectGraphs":true,"m_FxEnabled":true},"in2DMode":false,"pivot":{"x":1.0042483806610108,"y":2.3664016723632814,"z":1.825722336769104},"rotation":{"x":0.3472518026828766,"y":0.03515547886490822,"z":-0.013027217239141465,"w":0.9370259642601013},"size":10.108120918273926,"orthographic":false}