{"cameraMode":{"drawMode":0,"name":"Shaded","section":"Shading Mode"},"sceneLighting":true,"audioPlay":false,"sceneViewState":{"m_AlwaysRefresh":false,"showFog":true,"showSkybox":true,"showFlares":true,"showImageEffects":true,"showParticleSystems":true,"showVisualEffectGraphs":true,"m_FxEnabled":true},"in2DMode":false,"pivot":{"x":0.176531583070755,"y":-0.8112545013427734,"z":-0.6530370712280273},"rotation":{"x":0.25311076641082766,"y":0.005805048160254955,"z":-0.0015177832683548332,"w":0.9674221277236939},"size":10.111796379089356,"orthographic":false}